1-3203-110,25/10/2021,1-6203-5
1-3203-83,19/08/2019,1-6203-6
1-3203-79,14/08/2019,1-6203-7
1-3203-107,29/02/2020,1-6203-8
1-3208-68,30/08/2018,1-6208-13
1-3208-92,12/10/2018,1-6208-14
1-3208-88,29/09/2018,1-6208-15
1-3230-15,10/08/2021,1-6230-16
1-3208-87,28/09/2018,1-6230-27
1-3230-128,30/08/2021,1-6230-57
1-3230-129,30/08/2021,1-6230-58
1-3230-242,20/12/2021,1-6230-59
1-3230-243,20/12/2021,1-6230-60
1-3230-160,09/09/2021,1-6230-61
1-3230-198,15/09/2021,1-6230-62
1-3230-78,17/08/2021,1-6230-63
1-3203-101,01/02/2020,1-6203-78
1-3203-102,01/02/2020,1-6203-79
1-3203-103,01/02/2020,1-6203-80
1-3203-104,01/02/2020,1-6203-81
1-3203-105,01/02/2020,1-6203-82
1-3203-106,21/02/2020,1-6203-83
1-3203-112,18/09/2019,1-6203-86
1-3203-64,03/07/2020,1-6203-87
1-3203-65,03/07/2020,1-6203-88
1-3203-70,12/08/2019,1-6203-89
1-3203-72,12/08/2019,1-6203-90
1-3203-73,12/08/2019,1-6203-91
1-3203-74,12/08/2019,1-6203-92
1-3203-75,14/08/2019,1-6203-93
1-3203-76,14/08/2019,1-6203-94
1-3203-78,14/08/2019,1-6203-95
1-3203-80,15/08/2019,1-6203-97
1-3203-81,22/08/2019,1-6203-98
1-3203-82,19/08/2019,1-6203-99
1-3203-84,15/08/2019,1-6203-101
1-3203-86,19/08/2019,1-6203-102
1-3203-87,26/08/2019,1-6203-103
1-3203-90,18/09/2019,1-6203-104
1-3203-92,18/09/2019,1-6203-105
1-3203-94,18/09/2019,1-6203-106
1-3203-95,19/09/2019,1-6203-107
1-3203-97,01/02/2020,1-6203-108
1-3203-98,01/02/2020,1-6203-109
1-3203-99,01/02/2020,1-6203-110
1-3203-100,01/02/2020,1-6203-77
1-3208-102,17/12/2019,1-6208-124
1-3208-103,18/12/2019,1-6208-125
1-3208-106,18/12/2019,1-6208-126
1-3208-107,23/12/2019,1-6208-127
1-3208-108,23/12/2019,1-6208-128
1-3208-109,23/12/2019,1-6208-129
1-3208-110,23/12/2019,1-6208-130
1-3208-111,23/12/2019,1-6208-131
1-3208-112,23/12/2019,1-6208-132
1-3208-114,23/12/2019,1-6208-133
1-3208-115,23/12/2019,1-6208-134
1-3208-117,06/02/2020,1-6208-135
1-3208-123,26/10/2018,1-6208-136
1-3208-65,31/07/2020,1-6208-137
1-3208-67,11/06/2021,1-6208-138
1-3208-69,31/08/2018,1-6208-140
1-3208-70,31/08/2018,1-6208-141
1-3208-72,20/09/2018,1-6208-142
1-3208-73,20/09/2018,1-6208-143
1-3208-74,21/09/2018,1-6208-144
1-3208-75,21/09/2018,1-6208-145
1-3208-76,24/09/2018,1-6208-146
1-3208-77,24/09/2018,1-6208-147
1-3208-78,24/09/2018,1-6208-148
1-3208-79,24/09/2018,1-6208-149
1-3208-80,25/09/2018,1-6208-150
1-3208-81,25/09/2018,1-6208-151
1-3208-83,25/09/2018,1-6208-152
1-3208-85,27/09/2018,1-6208-153
1-3208-86,27/09/2018,1-6208-154
1-3208-90,10/10/2018,1-6208-156
1-3208-91,10/10/2018,1-6208-157
1-3208-97,29/10/2018,1-6208-159
1-3203-101,01/02/2020,1-6203-78
1-3203-102,01/02/2020,1-6203-79
1-3203-103,01/02/2020,1-6203-80
1-3203-104,01/02/2020,1-6203-81
1-3203-105,01/02/2020,1-6203-82
1-3203-106,21/02/2020,1-6203-83
1-3203-112,18/09/2019,1-6203-86
1-3203-64,03/07/2020,1-6203-87
1-3203-65,03/07/2020,1-6203-88
1-3203-70,12/08/2019,1-6203-89
1-3203-72,12/08/2019,1-6203-90
1-3203-73,12/08/2019,1-6203-91
1-3203-74,12/08/2019,1-6203-92
1-3203-75,14/08/2019,1-6203-93
1-3203-76,14/08/2019,1-6203-94
1-3203-78,14/08/2019,1-6203-95
1-3203-80,15/08/2019,1-6203-97
1-3203-81,22/08/2019,1-6203-98
1-3203-82,19/08/2019,1-6203-99
1-3203-84,15/08/2019,1-6203-101
1-3203-86,19/08/2019,1-6203-102
1-3203-87,26/08/2019,1-6203-103
1-3203-90,18/09/2019,1-6203-104
1-3203-92,18/09/2019,1-6203-105
1-3203-94,18/09/2019,1-6203-106
1-3203-95,19/09/2019,1-6203-107
1-3203-97,01/02/2020,1-6203-108
1-3203-98,01/02/2020,1-6203-109
1-3203-99,01/02/2020,1-6203-110
1-3203-100,01/02/2020,1-6203-77
1-3208-102,17/12/2019,1-6208-124
1-3208-103,18/12/2019,1-6208-125
1-3208-106,18/12/2019,1-6208-126
1-3208-107,23/12/2019,1-6208-127
1-3208-108,23/12/2019,1-6208-128
1-3208-109,23/12/2019,1-6208-129
1-3208-110,23/12/2019,1-6208-130
1-3208-111,23/12/2019,1-6208-131
1-3208-112,23/12/2019,1-6208-132
1-3208-114,23/12/2019,1-6208-133
1-3208-115,23/12/2019,1-6208-134
1-3208-117,06/02/2020,1-6208-135
1-3208-123,26/10/2018,1-6208-136
1-3208-65,31/07/2020,1-6208-137
1-3208-67,11/06/2021,1-6208-138
1-3208-69,31/08/2018,1-6208-140
1-3208-70,31/08/2018,1-6208-141
1-3208-72,20/09/2018,1-6208-142
1-3208-73,20/09/2018,1-6208-143
1-3208-74,21/09/2018,1-6208-144
1-3208-75,21/09/2018,1-6208-145
1-3208-76,24/09/2018,1-6208-146
1-3208-77,24/09/2018,1-6208-147
1-3208-78,24/09/2018,1-6208-148
1-3208-79,24/09/2018,1-6208-149
1-3208-80,25/09/2018,1-6208-150
1-3208-81,25/09/2018,1-6208-151
1-3208-83,25/09/2018,1-6208-152
1-3208-85,27/09/2018,1-6208-153
1-3208-86,27/09/2018,1-6208-154
1-3208-90,10/10/2018,1-6208-156
1-3208-91,10/10/2018,1-6208-157
1-3208-97,29/10/2018,1-6208-159
1-3230-147,13/09/2021,1-6230-100
1-3230-150,06/09/2021,1-6230-101
1-3230-151,06/09/2021,1-6230-102
1-3230-152,06/09/2021,1-6230-103
1-3230-154,07/09/2021,1-6230-104
1-3230-158,09/09/2021,1-6230-105
1-3230-159,09/09/2021,1-6230-106
1-3230-16,10/08/2021,1-6230-107
1-3230-163,09/09/2021,1-6230-109
1-3230-165,09/09/2021,1-6230-110
1-3230-166,09/09/2021,1-6230-111
1-3230-169,09/09/2021,1-6230-112
1-3230-17,10/08/2021,1-6230-113
1-3230-170,09/09/2021,1-6230-114
1-3230-172,09/09/2021,1-6230-115
1-3230-174,10/09/2021,1-6230-116
1-3230-175,10/09/2021,1-6230-117
1-3230-176,10/09/2021,1-6230-118
1-3230-177,10/09/2021,1-6230-119
1-3230-178,10/09/2021,1-6230-120
1-3230-181,10/09/2021,1-6230-121
1-3230-182,10/09/2021,1-6230-122
1-3230-183,13/09/2021,1-6230-123
1-3230-184,13/09/2021,1-6230-124
1-3230-185,13/09/2021,1-6230-125
1-3230-187,13/09/2021,1-6230-126
1-3230-188,13/09/2021,1-6230-127
1-3230-189,13/09/2021,1-6230-128
1-3230-19,10/08/2021,1-6230-129
1-3230-191,13/09/2021,1-6230-130
1-3230-194,14/09/2021,1-6230-131
1-3230-195,14/09/2021,1-6230-132
1-3230-196,15/09/2021,1-6230-133
1-3230-199,15/09/2021,1-6230-135
1-3230-2,09/08/2021,1-6230-136
1-3230-204,17/09/2021,1-6230-137
1-3230-206,20/09/2021,1-6230-138
1-3230-207,20/09/2021,1-6230-139
1-3230-208,20/09/2021,1-6230-140
1-3230-209,21/09/2021,1-6230-141
1-3230-21,09/08/2021,1-6230-142
1-3230-210,21/09/2021,1-6230-143
1-3230-211,21/09/2021,1-6230-144
1-3230-213,27/09/2021,1-6230-145
1-3230-215,27/09/2021,1-6230-146
1-3230-216,27/09/2021,1-6230-147
1-3230-217,27/09/2021,1-6230-148
1-3230-220,29/09/2021,1-6230-149
1-3230-221,29/09/2021,1-6230-150
1-3230-222,29/09/2021,1-6230-151
1-3230-223,29/09/2021,1-6230-152
1-3230-224,29/09/2021,1-6230-153
1-3230-225,29/09/2021,1-6230-154
1-3230-227,30/09/2021,1-6230-155
1-3230-230,07/10/2021,1-6230-156
1-3230-231,07/10/2021,1-6230-157
1-3230-232,07/10/2021,1-6230-158
1-3230-233,19/10/2021,1-6230-159
1-3230-234,19/10/2021,1-6230-160
1-3230-238,19/10/2021,1-6230-161
1-3230-239,28/10/2021,1-6230-162
1-3230-24,11/08/2021,1-6230-163
1-3230-240,30/11/2021,1-6230-164
1-3230-241,08/12/2021,1-6230-165
1-3230-25,11/08/2021,1-6230-168
1-3230-26,11/08/2021,1-6230-169
1-3230-27,11/08/2021,1-6230-170
1-3230-28,11/08/2021,1-6230-171
1-3230-29,11/08/2021,1-6230-172
1-3230-3,09/08/2021,1-6230-173
1-3230-30,11/08/2021,1-6230-174
1-3230-31,11/08/2021,1-6230-175
1-3230-32,11/08/2021,1-6230-176
1-3230-33,11/08/2021,1-6230-177
1-3230-35,11/08/2021,1-6230-178
1-3230-36,11/08/2021,1-6230-179
1-3230-37,11/08/2021,1-6230-180
1-3230-43,12/08/2021,1-6230-181
1-3230-44,12/08/2021,1-6230-182
1-3230-45,12/08/2021,1-6230-183
1-3230-46,12/08/2021,1-6230-184
1-3230-47,12/08/2021,1-6230-185
1-3230-48,12/08/2021,1-6230-186
1-3230-49,12/08/2021,1-6230-187
1-3230-5,09/08/2021,1-6230-188
1-3230-55,16/08/2021,1-6230-189
1-3230-56,16/08/2021,1-6230-190
1-3230-58,16/08/2021,1-6230-191
1-3230-59,16/08/2021,1-6230-192
1-3230-6,09/08/2021,1-6230-193
1-3230-62,16/08/2021,1-6230-194
1-3230-64,16/08/2021,1-6230-195
1-3230-65,16/08/2021,1-6230-196
1-3230-66,16/08/2021,1-6230-197
1-3230-68,16/08/2021,1-6230-198
1-3230-69,17/08/2021,1-6230-199
1-3230-7,09/08/2021,1-6230-200
1-3230-70,17/08/2021,1-6230-201
1-3230-71,17/08/2021,1-6230-202
1-3230-72,17/08/2021,1-6230-203
1-3230-73,17/08/2021,1-6230-204
1-3230-74,17/08/2021,1-6230-205
1-3230-75,17/08/2021,1-6230-206
1-3230-76,17/08/2021,1-6230-207
1-3230-77,17/08/2021,1-6230-208
1-3230-79,17/08/2021,1-6230-210
1-3230-81,18/08/2021,1-6230-211
1-3230-83,18/08/2021,1-6230-212
1-3230-84,18/08/2021,1-6230-213
1-3230-85,19/08/2021,1-6230-214
1-3230-86,19/08/2021,1-6230-215
1-3230-87,19/08/2021,1-6230-216
1-3230-89,19/08/2021,1-6230-217
1-3230-9,09/08/2021,1-6230-218
1-3230-90,20/08/2021,1-6230-219
1-3230-91,20/08/2021,1-6230-220
1-3230-92,20/08/2021,1-6230-221
1-3230-94,20/08/2021,1-6230-222
1-3230-95,20/08/2021,1-6230-223
1-3230-96,20/08/2021,1-6230-224
1-3230-97,23/08/2021,1-6230-225
1-3230-98,23/08/2021,1-6230-226
1-3230-1,09/08/2021,1-6230-65
1-3230-10,09/08/2021,1-6230-66
1-3230-100,23/08/2021,1-6230-67
1-3230-101,23/08/2021,1-6230-68
1-3230-102,23/08/2021,1-6230-69
1-3230-103,23/08/2021,1-6230-70
1-3230-104,24/08/2021,1-6230-71
1-3230-105,24/08/2021,1-6230-72
1-3230-108,24/08/2021,1-6230-73
1-3230-109,24/08/2021,1-6230-74
1-3230-11,09/08/2021,1-6230-75
1-3230-110,24/08/2021,1-6230-76
1-3230-111,25/08/2021,1-6230-77
1-3230-113,25/08/2021,1-6230-78
1-3230-114,25/08/2021,1-6230-79
1-3230-115,25/08/2021,1-6230-80
1-3230-117,26/08/2021,1-6230-81
1-3230-118,26/08/2021,1-6230-82
1-3230-12,09/08/2021,1-6230-83
1-3230-121,27/08/2021,1-6230-84
1-3230-122,27/08/2021,1-6230-85
1-3230-123,27/08/2021,1-6230-86
1-3230-124,27/08/2021,1-6230-87
1-3230-125,27/08/2021,1-6230-88
1-3230-13,09/08/2021,1-6230-91
1-3230-132,30/08/2021,1-6230-92
1-3230-134,30/08/2021,1-6230-93
1-3230-135,30/08/2021,1-6230-94
1-3230-138,31/08/2021,1-6230-95
1-3230-139,31/08/2021,1-6230-96
1-3230-141,31/08/2021,1-6230-97
1-3230-143,10/09/2021,1-6230-98
1-3230-145,06/09/2021,1-6230-99
